title;artist;genre;duration_min;rating;times_rated;duration_category
Lamento Boliviano;Los Enanitos Verdes;pop;3.7;8.64;280;Medium Duration
Take on Me;a-ha;pop;3.75;9.82;359;Medium Duration
Ahora Te Puedes Marchar;Luis Miguel;pop;3.2;9.37;168;Medium Duration
El Efecto;Rauw Alejandro;pop;3.62;9.48;391;Medium Duration
Rosa Pastel;Belanova;pop;3.1;8.5;303;Medium Duration
Yellow;Coldplay;pop;4.45;8.28;372;Medium Duration
Borro Cassette;Maluma;pop;3.46;8.89;305;Medium Duration
El Perdedor;Maluma;pop;3.44;8.81;355;Medium Duration
Corazón partío;Alejandro Sanz;pop;5.72;8.44;184;High Duration
Amiga mía;Alejandro Sanz;pop;4.85;8.44;315;High Duration
Die With A Smile;Lady Gaga;pop;4.19;8.57;342;Medium Duration
Oye Mi Amor;Maná;pop;4.39;9.47;197;Medium Duration
Hawái;Maluma;pop;3.32;9.28;285;Medium Duration
Danza Kuduro;Don Omar;pop;3.31;9.6;377;Medium Duration
MOJABI GHOST;Tainy;pop;3.87;8.46;182;Medium Duration
CHIHIRO;Billie Eilish;pop;5.06;8.08;257;High Duration
Quevedo: Bzrp Music Sessions, Vol. 52;Bizarrap;pop;3.32;9.19;165;Medium Duration
Everybody Wants To Rule The World;Tears For Fears;pop;4.19;8.49;295;Medium Duration
WILDFLOWER;Billie Eilish;pop;4.36;9.28;221;Medium Duration
Tiroteo - Remix;Marc Seguí;pop;5.36;9.01;188;High Duration
Cuatro Babys (feat. Trap Capos, Noriel, Bryant Myers & Juhn);Maluma;pop;4.64;9.03;231;Medium Duration
Todo De Ti;Rauw Alejandro;pop;3.33;8.28;188;Medium Duration
LOKERA;Rauw Alejandro;pop;3.29;9.04;207;Medium Duration
Salió El Sol;Don Omar;pop;5.25;8.71;292;High Duration
Me Dediqué a Perderte;Alejandro Fernández;pop;3.86;9.39;208;Medium Duration
Soltera;Shakira;pop;3.58;9.52;375;Medium Duration
Dile;Don Omar;pop;3.41;8.91;291;Medium Duration
Todo Cambió;Camila;pop;3.23;9.01;239;Medium Duration
Mónaco;LAGOS;pop;3.21;9.55;378;Medium Duration
As It Was;Harry Styles;pop;2.79;9.44;176;Low Duration
En algún lugar;Duncan Dhu;pop;3.93;8.76;389;Medium Duration
Hips Don't Lie (feat. Wyclef Jean);Shakira;pop;3.63;8.27;353;Medium Duration
Poker Face;Lady Gaga;pop;3.95;8.42;224;Medium Duration
Desenfocao';Rauw Alejandro;pop;2.84;9.09;382;Low Duration
BIRDS OF A FEATHER;Billie Eilish;pop;3.51;8.85;296;Medium Duration
LUNA;Feid;pop;3.28;9.12;231;Medium Duration
Ella Y Yo - Featuring Don Omar;Aventura;pop;4.46;9.26;151;Medium Duration
Me Rehúso;Danny Ocean;pop;3.43;9.83;283;Medium Duration
One Of The Girls (with JENNIE, Lily Rose Depp);The Weeknd;pop;4.08;9.44;340;Medium Duration
Los Infieles;Aventura;pop;4.29;8.03;169;Medium Duration
Desesperados;Rauw Alejandro;pop;3.75;8.06;202;Medium Duration
Dueles;Jesse & Joy;pop;4.13;9.4;164;Medium Duration
Que Lloro;Sin Bandera;pop;4.01;8.27;398;Medium Duration
Quién Como Tú;Ana Gabriel;pop;3.53;9.98;237;Medium Duration
Rosas;La Oreja de Van Gogh;pop;3.94;8.38;241;Medium Duration
Es Por Ti;Juanes;pop;4.18;8.74;365;Medium Duration
Good Luck, Babe!;Chappell Roan;pop;3.64;8.84;283;Medium Duration
Antologia;Shakira;pop;4.24;9.52;302;Medium Duration
La Old Skul;Rauw Alejandro;pop;3.58;9.07;229;Medium Duration
Ciega, Sordomuda;Shakira;pop;4.46;8.4;239;Medium Duration
Creep;Radiohead;rock;3.98;9.32;186;Medium Duration
Every Breath You Take;The Police;rock;4.23;9.62;399;Medium Duration
Eres;Café Tacvba;rock;4.46;9.19;178;Medium Duration
Kumbala;Maldita Vecindad Y Los Hijos Del 5to. Patio;rock;4.45;9.98;249;Medium Duration
I Was Made For Lovin' You;KISS;rock;4.52;8.93;288;Medium Duration
Viento;Caifanes;rock;3.94;8.69;334;Medium Duration
Sweet Child O' Mine;Guns N' Roses;rock;5.93;9.78;321;High Duration
Afuera;Caifanes;rock;4.81;8.25;310;High Duration
We Are The People;Empire Of The Sun;rock;4.46;9.19;319;Medium Duration
Labios Rotos - En Vivo Desde México / 2010;Zoé;rock;4.05;8.75;242;Medium Duration
Cuando Pase El Temblor - Remasterizado 2007;Soda Stereo;rock;3.82;8.66;377;Medium Duration
En El Muelle de San Blas;Maná;rock;5.87;9.39;211;High Duration
La Célula Que Explota;Caifanes;rock;3.6;9.7;270;Medium Duration
I Wanna Be Yours;Arctic Monkeys;rock;3.07;9.84;170;Medium Duration
Pumped Up Kicks;Foster The People;rock;3.99;9.36;179;Medium Duration
La flaca;Jarabe De Palo;rock;4.35;9.25;298;Medium Duration
Luz De Dia;Los Enanitos Verdes;rock;4.48;9.29;348;Medium Duration
Feel Good Inc.;Gorillaz;rock;3.71;8.42;166;Medium Duration
Soñé - En Vivo;Zoé;rock;3.78;8.25;219;Medium Duration
Devuélveme a mi chica;Hombres G;rock;3.23;8.74;150;Medium Duration
De Música Ligera - Remasterizado 2007;Soda Stereo;rock;3.55;9.32;360;Medium Duration
Luna - En Vivo;Zoé;rock;4.67;9.79;270;Medium Duration
Locos;León Larregui;rock;2.96;8.94;397;Medium Duration
Sweater Weather;The Neighbourhood;rock;4.01;9.45;255;Medium Duration
Amargo Adiós;Inspector;rock;3.81;8.57;204;Medium Duration
Clavado en Un Bar;Maná;rock;5.18;8.55;241;High Duration
No Dejes Que...;Caifanes;rock;4.65;9.54;255;Medium Duration
Brillas;León Larregui;rock;3.77;8.89;271;Medium Duration
Love;Zoé;rock;3.39;8.74;328;Medium Duration
Hasta la Raíz;Natalia Lafourcade;rock;3.7;8.31;314;Medium Duration
Stressed Out;Twenty One Pilots;rock;3.37;8.39;380;Medium Duration
El Sol No Regresa;La Quinta Estacion;rock;3.81;9.33;164;Medium Duration
Rayando el Sol;Maná;rock;4.17;8.2;318;Medium Duration
Me Voy;Julieta Venegas;rock;3.13;9.68;293;Medium Duration
Arrullo De Estrellas;Zoé;rock;4.21;9.15;349;Medium Duration
Safe and Sound;Capital Cities;rock;3.21;9.86;267;Medium Duration
Azul;Zoé;rock;3.24;9.91;194;Medium Duration
Me Muero;La Quinta Estacion;rock;3.16;8.7;166;Medium Duration
Sabor a Chocolate;Elefante;rock;3.86;8.71;390;Medium Duration
Así Es la Vida;Elefante;rock;5.17;9.4;359;High Duration
Dulce Soledad;Enjambre;rock;3.73;9.74;190;Medium Duration
Caraluna;Bacilos;rock;4.44;9.06;280;Medium Duration
Ángel;Elefante;rock;4.83;9.83;221;High Duration
La Dosis Perfecta;Panteon Rococo;rock;4.26;9.02;183;Medium Duration
X (feat. Maluma & Ozuna) - Remix;Nicky Jam;hip-hop;3.93;9.58;197;Medium Duration
Eres Mía;Romeo Santos;hip-hop;4.18;8.31;282;Medium Duration
Botella Tras Botella;Gera MX;hip-hop;3.29;8.24;305;Medium Duration
Propuesta Indecente;Romeo Santos;hip-hop;3.92;9.67;226;Medium Duration
Tu No Vive Asi (feat. Mambo Kingz & DJ Luian);Arcángel;hip-hop;4.4;9.7;285;Medium Duration
Gangsta's Paradise;Coolio;hip-hop;4.01;9.31;319;Medium Duration
Virtual Diva;Don Omar;hip-hop;3.99;8.96;231;Medium Duration
Shorty Party;Cartel De Santa;hip-hop;4.42;9.38;326;Medium Duration
Taboo;Don Omar;hip-hop;4.87;8.38;330;High Duration
A Mí;Rels B;hip-hop;3.49;9.08;168;Medium Duration
Imitadora;Romeo Santos;hip-hop;3.91;8.79;288;Medium Duration
Loca;KHEA;hip-hop;4.11;9.61;340;Medium Duration
Pa' Que Retozen;Tego Calderón;hip-hop;2.53;8.8;338;Low Duration
DARE (feat. Shaun Ryder & Roses Gabor);Gorillaz;hip-hop;4.08;9.57;337;Medium Duration
Not Like Us;Kendrick Lamar;hip-hop;4.57;8.87;344;Medium Duration
Adan y Eva;Paulo Londra;hip-hop;4.28;8.29;375;Medium Duration
See You Again (feat. Kali Uchis);Tyler, The Creator;hip-hop;3.01;8.49;320;Medium Duration
Éxtasis;Millonario & W. Corona;hip-hop;4.82;9.6;344;High Duration
On Melancholy Hill;Gorillaz;hip-hop;3.9;9.35;226;Medium Duration
Pa' Que La Pases Bien;Arcángel;hip-hop;3.57;9.97;394;Medium Duration
Give Me Everything (feat. Nayer);Pitbull;hip-hop;4.21;8.03;341;Medium Duration
REAL GANGSTA LOVE;Trueno;hip-hop;2.42;8.2;346;Low Duration
Todas Mueren por Mí;Cartel De Santa;hip-hop;3.72;8.2;253;Medium Duration
Querer Querernos;Canserbero;hip-hop;4.0;9.62;180;Medium Duration
Without Me;Eminem;hip-hop;4.84;9.05;359;High Duration
Ojitos Chiquitos;Don Omar;hip-hop;3.82;8.35;272;Medium Duration
Tal Vez;Paulo Londra;hip-hop;4.4;8.52;293;Medium Duration
lo que hay x aquí;Rels B;hip-hop;2.58;9.98;352;Low Duration
Llévame Contigo;Romeo Santos;hip-hop;3.77;9.88;394;Medium Duration
Ven Bailalo - Reggaeton Mix;Angel Y Khriz;hip-hop;4.21;8.45;389;Medium Duration
Burbujas de Cristal;Cartel De Santa;hip-hop;3.74;9.5;266;Medium Duration
Dile al Amor;Aventura;hip-hop;3.82;8.38;297;Medium Duration
Nena Maldición (feat. Lenny Tavárez);Paulo Londra;hip-hop;3.79;9.6;384;Medium Duration
Maquiavélico;Canserbero;hip-hop;4.75;8.67;369;Medium Duration
cómo dormiste?;Rels B;hip-hop;1.88;8.58;303;Low Duration
Encantadora;Yandel;hip-hop;4.0;9.23;313;Medium Duration
Mamichula - con Nicki Nicole;Trueno;hip-hop;3.65;9.13;284;Medium Duration
Leve;Cartel De Santa;hip-hop;3.75;9.12;342;Medium Duration
Por un Segundo;Aventura;hip-hop;4.25;9.93;337;Medium Duration
Tocame;La Santa Grifa;hip-hop;3.88;8.63;157;Medium Duration
Si Te Vienen a Contar;Cartel De Santa;hip-hop;3.66;9.91;308;Medium Duration
"All The Stars (with SZA) - From ""Black Panther: The Album""";Kendrick Lamar;hip-hop;3.87;9.55;302;Medium Duration
Perdóname;La Factoria;hip-hop;4.04;8.33;224;Medium Duration
Sabanas Blancas;La Santa Grifa;hip-hop;4.23;8.19;356;Medium Duration
Just the Two of Us;Grover Washington, Jr.;jazz;7.4;9.1;279;High Duration
Take Five;The Dave Brubeck Quartet;jazz;5.4;8.87;270;High Duration
Garota De Ipanema;Antônio Carlos Jobim;jazz;4.05;9.02;199;Medium Duration
Mas Que Nada - 2011 Rio Version;Sérgio Mendes;jazz;2.74;9.07;376;Low Duration
After the Love Has Gone;Earth, Wind & Fire;jazz;4.63;9.07;171;Medium Duration
Hit the Road Jack;Ray Charles;jazz;2.0;9.56;372;Low Duration
L-O-V-E;Nat King Cole;jazz;2.59;8.98;372;Low Duration
Don't Know Why;Norah Jones;jazz;3.1;8.81;333;Medium Duration
Unforgettable;Nat King Cole;jazz;3.2;8.35;300;Medium Duration
I'd Rather Go Blind;Etta James;jazz;2.61;8.22;153;Low Duration
It's Been a Long, Long Time;Harry James;jazz;3.43;9.82;221;Medium Duration
What A Wonderful World;Louis Armstrong;jazz;2.32;9.57;327;Low Duration
Feeling Good;Nina Simone;jazz;2.9;9.69;336;Medium Duration
Beyond the Sea;Bobby Darin;jazz;2.87;9.45;226;Low Duration
Just the Two of Us (feat. Bill Withers);Grover Washington, Jr.;jazz;7.31;8.49;296;High Duration
September;Earth, Wind & Fire;jazz;3.58;8.01;191;Medium Duration
Feeling Good;Michael Bublé;jazz;3.96;9.34;287;Medium Duration
At Last;Etta James;jazz;2.99;8.61;342;Medium Duration
I've Got a Woman;Ray Charles;jazz;2.86;9.85;295;Low Duration
Chan Chan;Buena Vista Social Club;jazz;4.31;9.98;283;Medium Duration
I Say a Little Prayer;Aretha Franklin;jazz;3.61;8.71;362;Medium Duration
The Girl From Ipanema;Stan Getz;jazz;5.34;8.63;262;High Duration
Boogie Wonderland;Earth, Wind & Fire;jazz;4.8;9.11;274;High Duration
Sway;Michael Bublé;jazz;3.13;8.62;255;Medium Duration
Lone Digger;Caravan Palace;jazz;3.83;9.65;322;Medium Duration
Killing Me Softly With His Song;Roberta Flack;jazz;4.78;9.42;208;Medium Duration
Algo contigo;Rita Payés;jazz;4.96;9.84;343;High Duration
Fantasy;Earth, Wind & Fire;jazz;3.77;9.67;238;Medium Duration
Quiero Saber;Fania All Stars;jazz;6.49;8.1;265;High Duration
Habits;Scott Bradlee's Postmodern Jukebox;jazz;3.6;8.91;391;Medium Duration
Dos Gardenias;Buena Vista Social Club;jazz;3.07;8.68;233;Medium Duration
Let's Groove;Earth, Wind & Fire;jazz;5.66;8.61;161;High Duration
La vie en rose - Single Version;Louis Armstrong;jazz;3.4;8.69;171;Medium Duration
Caballo Viejo;Roberto Torres;jazz;7.01;9.83;256;High Duration
Amor y Control;Rubén Blades;jazz;5.87;8.97;235;High Duration
Home;Michael Bublé;jazz;3.77;8.05;176;Medium Duration
Lagrimas;Rubén Blades;jazz;6.65;8.42;315;High Duration
Decisiones;Rubén Blades;jazz;5.06;9.02;323;High Duration
Llévame en un Beso;Paté de Fuá;jazz;5.06;9.6;158;High Duration
Everything;Michael Bublé;jazz;3.54;9.45;356;Medium Duration
Mi Corazón;Paté de Fuá;jazz;4.41;8.76;161;Medium Duration
Te Guardo;Silvana Estrada;jazz;3.36;8.25;231;Medium Duration
Tenías Que Ser Tú;Silvana Estrada;jazz;2.36;9.16;257;Low Duration
My Baby Just Cares for Me (2013 - Remaster);Nina Simone;jazz;3.6;9.38;220;Medium Duration
Al Norte;Silvana Estrada;jazz;3.33;8.72;178;Medium Duration
Sabré Olvidar;Silvana Estrada;jazz;4.13;9.26;235;Medium Duration
Ser de Ti;Silvana Estrada;jazz;3.46;9.29;309;Medium Duration
Gymnopédie No. 1;Erik Satie;classical;3.43;8.34;223;Medium Duration
Black Diamond;Stratovarius;classical;5.67;9.2;203;High Duration
Chopin: Nocturne No. 20 in C-Sharp Minor, Op. Posth.;Frédéric Chopin;classical;4.44;8.46;305;Medium Duration
Merry-Go-Round of Life - from 'Howl's Moving Castle';Joe Hisaishi;classical;5.19;8.95;380;High Duration
Cello Suite No. 1 in G Major, BWV 1007: I. Prélude;Johann Sebastian Bach;classical;2.54;9.17;317;Low Duration
Liebestraume, S541/R211 : No. 3: Nocturne in A-Flat Major;Franz Liszt;classical;4.5;8.86;324;Medium Duration
Bésame Mucho;Andrea Bocelli;classical;4.02;8.38;225;Medium Duration
Nocturne Op. 9 No. 2;Frédéric Chopin;classical;5.04;9.89;155;High Duration
Jazz Suite No. 2: VI. Waltz 2;Dmitri Shostakovich;classical;3.23;8.6;323;Medium Duration
The Girl From Ipanema;Antônio Carlos Jobim;classical;3.34;8.79;204;Medium Duration
Nocturne in C-sharp minor, B. 49;Frédéric Chopin;classical;4.0;8.94;226;Medium Duration
Paganini: 24 Caprices, Op. 1: No. 24 in A Minor;Niccolò Paganini;classical;4.48;8.88;256;Medium Duration
Con Te Partirò;Andrea Bocelli;classical;4.18;8.65;390;Medium Duration
"Orchestral Suite No. 3 in D Major, BWV 1068: II. Air ""on the G String""";Johann Sebastian Bach;classical;6.01;9.07;365;High Duration
Handel / Orch. Hale: Keyboard Suite No. 4 in D Minor, HWV 437: III. Sarabande;George Frideric Handel;classical;3.45;8.77;321;Medium Duration
Palladio: I. Allegretto;Karl Jenkins;classical;3.78;9.71;253;Medium Duration
The Well-Tempered Clavier, Book 1: Prelude No. 1 in C Major BWV 846/1;Johann Sebastian Bach;classical;2.32;8.47;382;Low Duration
Paganini: 24 Caprices, Op. 1: No. 2 in B Minor;Niccolò Paganini;classical;2.73;8.84;343;Low Duration
Nocturne en Mi Bémol Majeur, Op. 9 No. 2;Frédéric Chopin;classical;4.47;9.23;175;Medium Duration
"Bagatelle No. 25 in A Minor, WoO 59 ""Für Elise""";Ludwig van Beethoven;classical;3.53;8.03;327;Medium Duration
"Vivaldi: The Four Seasons, Violin Concerto in G Minor, Op. 8 No. 2, RV 315 ""Summer"": III. Presto";Antonio Vivaldi;classical;2.83;9.19;208;Low Duration
The Carnival of the Animals, R. 125: XIII. The Swan (Arr. for Cello and Piano);Camille Saint-Saëns;classical;2.9;9.13;378;Medium Duration
Pachelbel: Canon and Gigue in D Major: Canon;Johann Pachelbel;classical;5.01;8.57;237;High Duration
21 Hungarian Dances, WoO 1 (version for orchestra): Hungarian Dance No. 5 (orch. Schmeling);Johannes Brahms;classical;2.26;9.04;318;Low Duration
Symphony No. 5 in C Minor, Op. 67: I. Allegro con brio;Ludwig van Beethoven;classical;7.37;9.06;298;High Duration
Tchaikovsky: Swan Lake, Op. 20, Act 2: No. 10, Scene. Moderato;Pyotr Ilyich Tchaikovsky;classical;2.78;8.76;356;Low Duration
Quizás, Quizás, Quizás;Andrea Bocelli;classical;3.3;9.5;353;Medium Duration
Suite bergamasque, L. 75: III. Clair de lune;Claude Debussy;classical;4.92;9.04;281;High Duration
Si Puedes Perdonar;Gustavo Santaolalla;classical;1.74;8.49;235;Low Duration
"The Four Seasons: Concerto No. 2 in G Minor, RV 315 ""L'estate"" (summer): III. Presto";Antonio Vivaldi;classical;2.8;8.9;313;Low Duration
Te Amo y Más;Gustavo Santaolalla;classical;2.61;8.38;233;Low Duration
Nocturne No. 2 in E-Flat Major, Op. 9 No. 2;Frédéric Chopin;classical;4.56;9.0;247;Medium Duration
21 Hungarian Dances, WoO 1: Hungarian Dance No. 5 in G Minor. Allegro (Orch. Schmeling);Johannes Brahms;classical;2.31;8.75;188;Low Duration
Experience;Ludovico Einaudi;classical;5.26;9.42;167;High Duration
Piano Concerto No. 21 in C Major, K. 467: II. Andante;Wolfgang Amadeus Mozart;classical;7.23;9.79;183;High Duration
"The Four Seasons: Concerto No. 4 in F Minor, RV 297 ""L'inverno"" (winter): I. Allegro non molto";Antonio Vivaldi;classical;3.36;9.65;398;Medium Duration
Vivaldi Variation (Arr. for Piano from Concerto for Strings in G Minor, RV 156 by F. Christl);Antonio Vivaldi;classical;1.87;8.64;163;Low Duration
Claro De Luna;Ludwig van Beethoven;classical;3.84;9.17;209;Medium Duration
Time To Say Goodbye;Andrea Bocelli;classical;4.1;8.71;250;Medium Duration
Una Mattina;Ludovico Einaudi;classical;3.4;9.3;242;Medium Duration
"The 4 Seasons: Violin Concerto in F minor, Op. 8, No. 4, RV 297, ""L'inverno"" (Winter): I. Allegro non molto";Karoly Botvay;classical;3.49;9.9;204;Medium Duration
Für Elise, WoO 59;Ludwig van Beethoven;classical;3.14;9.94;232;Medium Duration
River Flows In You;Yiruma;classical;3.15;8.11;153;Medium Duration
Nuvole Bianche;Ludovico Einaudi;classical;5.96;8.71;360;High Duration
Wind Song;Ludovico Einaudi;classical;3.31;9.44;337;Medium Duration
Adieux;Ludovico Einaudi;classical;2.92;9.32;293;Medium Duration
Vivo per lei - Italian - Spanish Version;Andrea Bocelli;classical;4.4;9.6;165;Medium Duration
Once;Alexis Ffrench;classical;2.1;9.45;246;Low Duration
Your Man;Josh Turner;country;3.53;9.91;298;Medium Duration
Drinkin' Problem;Midland;country;3.68;8.55;297;Medium Duration
Mississippi Queen;Mountain;country;2.52;8.74;318;Low Duration
Bad To The Bone;George Thorogood & The Destroyers;country;4.87;9.57;190;High Duration
Need 2;Pinegrove;country;3.2;9.79;171;Medium Duration
Chattahoochee;Alan Jackson;country;2.47;8.69;266;Low Duration
The Gambler;Kenny Rogers;country;3.58;9.96;258;Medium Duration
Good Time;Alan Jackson;country;5.11;8.14;304;High Duration
Tennessee Whiskey;Chris Stapleton;country;4.89;8.47;356;High Duration
Midnight Special;Creedence Clearwater Revival;country;4.23;8.56;241;Medium Duration
Coward Of The County;Kenny Rogers;country;4.31;9.24;242;Medium Duration
Man! I Feel Like A Woman!;Shania Twain;country;3.91;9.05;304;Medium Duration
Knockin' On Heaven's Door;Bob Dylan;country;2.5;8.43;326;Low Duration
Like a Rolling Stone;Bob Dylan;country;6.16;8.68;196;High Duration
Queen Of Hearts;Juice Newton;country;3.43;9.65;282;Medium Duration
Cotton Fields;Creedence Clearwater Revival;country;2.95;9.55;247;Medium Duration
Long Train Runnin';The Doobie Brothers;country;3.45;9.74;234;Medium Duration
Time in a Bottle;Jim Croce;country;2.48;8.26;332;Low Duration
Hurt;Johnny Cash;country;3.61;9.05;320;Medium Duration
Need You Now;Lady A;country;3.94;8.01;195;Medium Duration
Born On The Bayou;Creedence Clearwater Revival;country;5.25;9.75;257;High Duration
Green River;Creedence Clearwater Revival;country;2.57;9.05;201;Low Duration
(dream);salvia palth;country;1.41;9.41;248;Low Duration
Life is a Highway;Rascal Flatts;country;4.59;8.63;378;Medium Duration
Old Time Rock & Roll;Bob Seger;country;3.24;9.27;190;Medium Duration
Fortunate Son;Creedence Clearwater Revival;country;2.35;8.85;309;Low Duration
Beautiful Crazy;Luke Combs;country;3.22;9.27;384;Medium Duration
Little Bitty;Alan Jackson;country;2.64;8.51;207;Low Duration
In Case You Didn't Know;Brett Young;country;3.75;8.84;216;Medium Duration
Ain't No Love In Oklahoma (From Twisters: The Album);Luke Combs;country;3.52;8.81;213;Medium Duration
Down On The Corner;Creedence Clearwater Revival;country;2.77;8.03;351;Low Duration
Have You Ever Seen The Rain;Creedence Clearwater Revival;country;2.67;8.15;286;Low Duration
I Remember Everything (feat. Kacey Musgraves);Zach Bryan;country;3.79;9.47;185;Medium Duration
Fast Car;Luke Combs;country;4.42;9.54;347;Medium Duration
Run Through The Jungle;Creedence Clearwater Revival;country;3.09;8.67;380;Medium Duration
One Number Away;Luke Combs;country;3.7;8.09;379;Medium Duration
Proud Mary;Creedence Clearwater Revival;country;3.12;8.06;369;Medium Duration
Bad Moon Rising;Creedence Clearwater Revival;country;2.36;9.96;312;Low Duration
i was all over her;salvia palth;country;2.69;8.51;186;Low Duration
Listen to the Music;The Doobie Brothers;country;3.79;8.15;227;Medium Duration
Who'll Stop The Rain;Creedence Clearwater Revival;country;2.45;8.99;188;Low Duration
not a lot, just forever;Adrianne Lenker;country;4.17;8.74;249;Medium Duration
You Should Probably Leave;Chris Stapleton;country;3.56;9.29;278;Medium Duration
When It Rains It Pours;Luke Combs;country;4.01;9.31;262;Medium Duration
anything;Adrianne Lenker;country;3.37;8.43;338;Medium Duration
Where the Wild Things Are;Luke Combs;country;3.99;9.09;176;Medium Duration
forwards beckon rebound;Adrianne Lenker;country;3.16;9.58;324;Medium Duration
Velvet Ring - 2023 Remaster;Big Thief;country;2.6;9.31;166;Low Duration
You're Still The One;Shania Twain;country;3.54;8.24;268;Medium Duration
Hello (feat. Dragonette);Martin Solveig;edm;3.19;8.86;296;Medium Duration
Perdoname (feat. DyCy & Adrian Delgado);Deorro;edm;4.5;8.05;297;Medium Duration
Chamber Of Reflection;Mac DeMarco;edm;3.86;9.42;277;Medium Duration
Lean On;Major Lazer;edm;2.94;8.64;336;Medium Duration
My Way;Calvin Harris;edm;3.65;8.59;397;Medium Duration
This Is What You Came For;Calvin Harris;edm;3.7;8.23;344;Medium Duration
For the First Time;Mac DeMarco;edm;3.04;9.62;170;Medium Duration
Don't Be Shy;Tiësto;edm;2.34;8.91;274;Low Duration
In My Mind;Dynoro;edm;3.08;9.98;188;Medium Duration
One Kiss (with Dua Lipa);Calvin Harris;edm;3.58;9.87;356;Medium Duration
My Kind of Woman;Mac DeMarco;edm;3.18;9.15;223;Medium Duration
Feels (feat. Pharrell Williams, Katy Perry & Big Sean);Calvin Harris;edm;3.72;9.84;336;Medium Duration
Runaway (U & I);Galantis;edm;3.78;9.36;330;Medium Duration
El Merengue;Marshmello;edm;3.16;9.49;288;Medium Duration
Don't You Worry Child - Radio Edit;Swedish House Mafia;edm;3.55;8.81;167;Medium Duration
Ride It;Regard;edm;2.63;8.32;381;Low Duration
Memories (feat. Kid Cudi);David Guetta;edm;3.5;8.68;394;Medium Duration
Sugar (feat. Francesco Yates);Robin Schulz;edm;3.65;9.73;232;Medium Duration
Get Up (Rattle) [feat. Far East Movement] - Vocal Edit;Bingo Players;edm;2.78;8.67;197;Low Duration
Happier;Marshmello;edm;3.57;9.32;236;Medium Duration
You & Me - Rivo Remix;Disclosure;edm;3.48;8.23;325;Medium Duration
Latch;Disclosure;edm;4.26;9.13;220;Medium Duration
This Girl (Kungs Vs. Cookin' On 3 Burners);Kungs;edm;3.26;8.37;302;Medium Duration
It Ain't Me (with Selena Gomez);Kygo;edm;3.68;8.27;355;Medium Duration
Let Me Love You;DJ Snake;edm;3.43;8.37;328;Medium Duration
Play Hard (feat. Ne-Yo & Akon);David Guetta;edm;3.35;9.11;358;Medium Duration
Wake Me Up;Avicii;edm;4.12;8.89;192;Medium Duration
Titanium (feat. Sia);David Guetta;edm;4.08;9.31;365;Medium Duration
Outside (feat. Ellie Goulding);Calvin Harris;edm;3.79;9.06;301;Medium Duration
Middle;DJ Snake;edm;3.68;8.94;369;Medium Duration
I'm Good (Blue);David Guetta;edm;2.92;9.59;268;Medium Duration
Stole the Show;Kygo;edm;3.72;8.57;254;Medium Duration
Sexy Bitch (feat. Akon);David Guetta;edm;3.26;9.63;194;Medium Duration
Feel So Close - Radio Edit;Calvin Harris;edm;3.44;8.47;192;Medium Duration
Summer;Calvin Harris;edm;3.71;9.26;278;Medium Duration
Scared to Be Lonely;Martin Garrix;edm;3.68;9.54;194;Medium Duration
Moth To A Flame (with The Weeknd);Swedish House Mafia;edm;3.9;8.59;197;Medium Duration
Firestone;Kygo;edm;4.53;8.14;355;Medium Duration
Blame (feat. John Newman);Calvin Harris;edm;3.55;9.59;182;Medium Duration
Thank You (Not So Bad);Dimitri Vegas & Like Mike;edm;2.33;9.65;261;Low Duration
Waiting For Love;Avicii;edm;3.84;9.63;279;Medium Duration
In the Name of Love;Martin Garrix;edm;3.26;8.71;301;Medium Duration
Leave Before You Love Me (with Jonas Brothers);Marshmello;edm;2.58;9.84;218;Low Duration
Sweet Nothing (feat. Florence Welch);Calvin Harris;edm;3.54;8.75;354;Medium Duration
Are You With Me;Lost Frequencies;edm;2.3;9.09;296;Low Duration
The Nights;Avicii;edm;2.94;9.82;193;Medium Duration
Reality;Lost Frequencies;edm;2.66;8.74;273;Low Duration
Gata Only;FloyyMenor;reggae;3.7;8.48;332;Medium Duration
La Bebe - Remix;Yng Lvcas;reggae;3.91;8.54;237;Medium Duration
Tití Me Preguntó;Bad Bunny;reggae;4.06;9.12;270;Medium Duration
Si Antes Te Hubiera Conocido;KAROL G;reggae;3.26;8.15;246;Medium Duration
LA CANCIÓN;J Balvin;reggae;4.04;8.69;277;Medium Duration
No Me Conoce - Remix;JHAYCO;reggae;5.15;9.03;365;High Duration
Neverita;Bad Bunny;reggae;2.89;8.44;333;Low Duration
PERRO NEGRO;Bad Bunny;reggae;2.71;9.72;162;Low Duration
Si Veo a Tu Mamá;Bad Bunny;reggae;2.85;8.86;361;Low Duration
TQG;KAROL G;reggae;3.3;9.08;251;Medium Duration
LALA;Myke Towers;reggae;3.3;8.39;206;Medium Duration
Me Porto Bonito;Bad Bunny;reggae;2.98;9.26;210;Medium Duration
Diles;Bad Bunny;reggae;4.77;8.7;341;Medium Duration
Es un Secreto;Plan B;reggae;3.2;9.12;363;Medium Duration
Vaquero - Remix;Bellakath;reggae;5.0;8.22;272;High Duration
PROVENZA;KAROL G;reggae;3.46;9.37;385;Medium Duration
Andrea;Bad Bunny;reggae;5.66;9.36;370;High Duration
AMARGURA;KAROL G;reggae;2.84;8.05;387;Low Duration
MI EX TENÍA RAZÓN;KAROL G;reggae;2.57;9.95;267;Low Duration
Si No Le Contesto;Plan B;reggae;3.69;8.92;309;Medium Duration
Si Estuviésemos Juntos;Bad Bunny;reggae;2.82;8.41;351;Low Duration
Dos Mil 16;Bad Bunny;reggae;3.48;9.68;221;Medium Duration
Otro Atardecer;Bad Bunny;reggae;4.07;8.11;250;Medium Duration
Moscow Mule;Bad Bunny;reggae;4.1;8.95;152;Medium Duration
Ojitos Lindos;Bad Bunny;reggae;4.3;8.09;391;Medium Duration
La Santa;Bad Bunny;reggae;3.44;9.46;309;Medium Duration
QLONA;KAROL G;reggae;2.88;8.09;297;Low Duration
Efecto;Bad Bunny;reggae;3.55;9.77;359;Medium Duration
Por Que Te Demoras?;Plan B;reggae;3.19;9.64;363;Medium Duration
Yo Quisiera;Reik;reggae;3.63;9.6;318;Medium Duration
Según Quién;Maluma;reggae;2.37;9.99;192;Low Duration
Un Coco;Bad Bunny;reggae;3.27;8.74;397;Medium Duration
Inolvidable;Reik;reggae;3.72;9.1;343;Medium Duration
Tears in Heaven - Acoustic Live;Eric Clapton;blues;4.67;8.16;271;Medium Duration
Wonderful Tonight;Eric Clapton;blues;3.75;8.41;348;Medium Duration
Is This Love;Whitesnake;blues;4.74;8.18;391;Medium Duration
Still Got The Blues;Gary Moore;blues;6.18;8.88;296;High Duration
Cocaine;Eric Clapton;blues;3.69;8.18;243;Medium Duration
White Room;Cream;blues;4.97;9.26;260;High Duration
Tears in Heaven;Eric Clapton;blues;4.53;9.99;373;Medium Duration
I'd Love to Change the World - 2004 Remaster;Ten Years After;blues;3.74;9.38;187;Medium Duration
Europa (Earth's Cry Heaven's Smile);Santana;blues;5.07;9.03;383;High Duration
Smooth (feat. Rob Thomas);Santana;blues;4.92;8.76;318;High Duration
Maria Maria (feat. The Product G&B);Santana;blues;4.37;8.57;178;Medium Duration
Let's Stay Together;Al Green;blues;3.32;8.92;217;Medium Duration
You'll Never Find Another Love Like Mine;Lou Rawls;blues;4.44;8.8;352;Medium Duration
Is This Love - 2018 Remaster;Whitesnake;blues;4.74;8.08;159;Medium Duration
Oye Como Va;Santana;blues;4.28;9.96;195;Medium Duration
Evil Ways;Santana;blues;3.97;9.31;227;Medium Duration
La Grange (2005 Remaster);ZZ Top;blues;3.84;8.3;370;Medium Duration
Lonely Boy;The Black Keys;blues;3.23;9.7;368;Medium Duration
Sharp Dressed Man (2008 Remaster);ZZ Top;blues;4.3;9.08;267;Medium Duration
You Never Can Tell;Chuck Berry;blues;2.7;9.13;174;Low Duration
Johnny B. Goode;Chuck Berry;blues;2.69;8.55;244;Low Duration
I See Red;Everybody Loves an Outlaw;blues;3.84;9.86;289;Medium Duration
Howlin' for You;The Black Keys;blues;3.2;8.3;317;Medium Duration
Green Onions;Booker T. & the M.G.'s;blues;2.94;9.56;287;Medium Duration
Seven Nation Army;The White Stripes;blues;3.87;8.49;372;Medium Duration
In the Summertime;Mungo Jerry;blues;3.53;9.39;245;Medium Duration
Tighten Up;The Black Keys;blues;3.52;8.96;261;Medium Duration
Play with Fire (feat. Yacht Money);Sam Tinnesz;blues;3.01;8.79;189;Medium Duration
Ex's & Oh's;Elle King;blues;3.37;9.89;370;Medium Duration
Samba Pa Ti;Santana;blues;4.75;9.33;193;Medium Duration
The Game of Love (feat. Michelle Branch) - Main / Radio Mix;Santana;blues;4.24;8.67;330;Medium Duration
"Up Where We Belong - From ""An Officer And A Gentleman""";Joe Cocker;blues;3.88;8.88;294;Medium Duration
Black Magic Woman - Single Version;Santana;blues;3.27;8.71;305;Medium Duration
Here I Go Again - 2018 Remaster;Whitesnake;blues;4.59;8.94;223;Medium Duration
Come a Little Closer;Cage The Elephant;blues;3.82;8.91;316;Medium Duration
Sunshine Of Your Love;Cream;blues;4.17;9.78;193;Medium Duration
Pobre de Ti;Tijuana No!;blues;4.7;8.49;251;Medium Duration
Trouble;Cage The Elephant;blues;3.77;8.24;312;Medium Duration
Born To Be Wild - Single Version;Steppenwolf;blues;3.55;8.98;216;Medium Duration
Cigarette Daydreams;Cage The Elephant;blues;3.48;9.54;310;Medium Duration
Sucker (from the series Arcane League of Legends);Arcane;blues;3.74;9.96;224;Medium Duration
Still Loving You;Scorpions;metal;6.45;8.68;347;High Duration
B.Y.O.B.;System Of A Down;metal;4.26;9.71;390;Medium Duration
Lonely Day;System Of A Down;metal;2.8;9.8;196;Low Duration
Under the Bridge;Red Hot Chili Peppers;metal;4.41;9.85;204;Medium Duration
Nothing Else Matters - Remastered 2021;Metallica;metal;6.48;9.97;194;High Duration
Enter Sandman - Remastered 2021;Metallica;metal;5.53;9.49;319;High Duration
Like a Stone;Audioslave;metal;4.9;8.14;293;High Duration
Chop Suey!;System Of A Down;metal;3.5;9.0;355;Medium Duration
Toxicity;System Of A Down;metal;3.65;8.82;305;Medium Duration
Given Up;Linkin Park;metal;3.15;9.69;285;Medium Duration
Sonne;Rammstein;metal;4.54;9.07;246;Medium Duration
Master Of Puppets;Metallica;metal;8.59;8.23;216;High Duration
Wind Of Change;Scorpions;metal;5.21;9.38;278;High Duration
Take A Look Around;Limp Bizkit;metal;5.35;9.47;292;High Duration
Californication;Red Hot Chili Peppers;metal;5.5;9.53;354;High Duration
Aerials;System Of A Down;metal;3.92;8.42;174;Medium Duration
Rollin' (Air Raid Vehicle);Limp Bizkit;metal;3.56;9.22;267;Medium Duration
Last Resort;Papa Roach;metal;3.33;8.85;304;Medium Duration
Mary On A Cross;Ghost;metal;4.08;9.86;197;Medium Duration
Knockin' On Heaven's Door;Guns N' Roses;metal;5.6;9.87;180;High Duration
Somewhere I Belong;Linkin Park;metal;3.57;8.97;388;Medium Duration
Break Stuff;Limp Bizkit;metal;2.78;8.91;314;Low Duration
Always;Bon Jovi;metal;5.88;8.44;187;High Duration
Don't Cry (Original);Guns N' Roses;metal;4.73;9.3;289;Medium Duration
What I've Done;Linkin Park;metal;3.42;8.89;253;Medium Duration
Scar Tissue;Red Hot Chili Peppers;metal;3.6;8.96;214;Medium Duration
November Rain;Guns N' Roses;metal;8.93;9.7;249;High Duration
One Step Closer;Linkin Park;metal;2.62;8.99;211;Low Duration
The Reason;Hoobastank;metal;3.88;8.42;157;Medium Duration
In the End;Linkin Park;metal;3.61;9.27;380;Medium Duration
Mujer Amante;Rata Blanca;metal;6.05;9.37;298;High Duration
Livin' On A Prayer;Bon Jovi;metal;4.15;8.59;233;Medium Duration
Bring Me To Life;Evanescence;metal;3.93;8.74;155;Medium Duration
Otherside;Red Hot Chili Peppers;metal;4.26;8.12;215;Medium Duration
Can't Stop;Red Hot Chili Peppers;metal;4.48;8.29;204;Medium Duration
Waiting for a Girl like You;Foreigner;metal;4.87;9.66;176;High Duration
Paradise City;Guns N' Roses;metal;6.76;8.77;378;High Duration
Paranoid - 2009 Remaster;Black Sabbath;metal;2.8;9.48;258;Low Duration
Welcome To The Jungle;Guns N' Roses;metal;4.56;9.45;305;Medium Duration
It's My Life;Bon Jovi;metal;3.74;9.02;284;Medium Duration
Du hast;Rammstein;metal;3.93;8.22;271;Medium Duration
Numb;Linkin Park;metal;3.13;9.86;233;Medium Duration
Faint;Linkin Park;metal;2.7;8.95;397;Low Duration
I Want to Know What Love Is - 1999 Remaster;Foreigner;metal;5.08;8.82;284;High Duration
In the Shadows;The Rasmus;metal;4.3;9.4;172;Medium Duration
The Sound of Silence - CYRIL Remix;Disturbed;metal;3.09;9.89;243;Medium Duration
Fiesta Pagana;Mägo de Oz;metal;4.95;8.48;302;High Duration
Molinos De Viento;Mägo de Oz;metal;4.19;9.0;270;Medium Duration
Losing My Religion;R.E.M.;indie;4.47;9.69;171;Medium Duration
Shut up My Moms Calling;Hotel Ugly;indie;2.74;9.01;285;Low Duration
Siesta Freestyle;Lewis OfMan;indie;3.24;9.49;267;Medium Duration
No. 1 Party Anthem;Arctic Monkeys;indie;4.05;9.95;325;Medium Duration
505;Arctic Monkeys;indie;4.23;8.25;310;Medium Duration
Cry;Cigarettes After Sex;indie;4.28;9.58;172;Medium Duration
Beso;Jósean Log;indie;3.52;9.11;371;Medium Duration
Take Me To Church;Hozier;indie;4.03;8.99;187;Medium Duration
Do I Wanna Know?;Arctic Monkeys;indie;4.54;9.59;288;Medium Duration
No One Noticed;The Marías;indie;3.95;8.76;223;Medium Duration
Apocalypse;Cigarettes After Sex;indie;4.84;8.93;296;High Duration
Why'd You Only Call Me When You're High?;Arctic Monkeys;indie;2.69;9.45;165;Low Duration
Nada;Zoé;indie;4.34;9.89;367;Medium Duration
Vida En El Espejo;Enjambre;indie;4.42;9.06;375;Medium Duration
The Night We Met;Lord Huron;indie;3.47;8.18;210;Medium Duration
Chachachá;Jósean Log;indie;3.6;8.71;182;Medium Duration
Beggin';Måneskin;indie;3.53;8.9;161;Medium Duration
AMOR DE CINE;HUMBE;indie;4.37;10.0;281;Medium Duration
Lo Que Construimos;Natalia Lafourcade;indie;4.65;9.78;266;Medium Duration
Vía Láctea;Zoé;indie;4.14;9.57;343;Medium Duration
Nunca Es Suficiente;Natalia Lafourcade;indie;3.95;9.39;372;Medium Duration
Lejos de Ti;The Marías;indie;2.99;9.38;283;Medium Duration
Colapso;Kevin Kaarl;indie;3.92;9.69;247;Medium Duration
Visita;Enjambre;indie;3.73;8.55;169;Medium Duration
Ropa De Bazar;Ed Maverick;indie;3.3;8.24;343;Medium Duration
San Lucas;Kevin Kaarl;indie;4.12;9.51;342;Medium Duration
Miénteme;Camilo Séptimo;indie;3.62;8.63;267;Medium Duration
Ride;Twenty One Pilots;indie;3.58;9.62;298;Medium Duration
00:00;Siddhartha;indie;3.59;8.36;155;Medium Duration
Fuentes de Ortiz;Ed Maverick;indie;3.46;9.35;219;Medium Duration
Acurrucar;Ed Maverick;indie;3.9;8.49;347;Medium Duration
me va a costar;Kevin Kaarl;indie;3.8;9.19;386;Medium Duration
Vámonos a Marte;Kevin Kaarl;indie;2.98;9.92;209;Medium Duration
Brújula;Siddhartha;indie;4.21;9.8;345;Medium Duration
Abrazado a Ti;Kevin Kaarl;indie;3.59;9.82;348;Medium Duration
te quiero tanto;Kevin Kaarl;indie;5.43;8.09;383;High Duration
You Really Got Me;The Kinks;folk;2.23;9.58;322;Low Duration
California Dreamin';The Mamas & The Papas;folk;2.67;9.91;284;Low Duration
Father And Son;Yusuf / Cat Stevens;folk;3.69;8.2;227;Medium Duration
A Horse with No Name;America;folk;4.2;8.43;247;Medium Duration
My Sweet Lord (2014 Remaster);George Harrison;folk;4.69;8.4;351;Medium Duration
Wild World;Yusuf / Cat Stevens;folk;3.34;9.92;353;Medium Duration
Je te laisserai des mots;Patrick Watson;folk;2.68;9.91;363;Low Duration
The Air That I Breathe - 2008 Remaster;The Hollies;folk;4.29;8.75;268;Medium Duration
Unchained Melody;The Righteous Brothers;folk;3.63;8.55;259;Medium Duration
La Niña del Volcán (Polocorp Remix);YoSoyMatt;folk;5.41;9.21;186;High Duration
Baby Can I Hold You;Tracy Chapman;folk;3.22;9.59;375;Medium Duration
Where'd All the Time Go?;Dr. Dog;folk;3.91;9.39;321;Medium Duration
Fast Car;Tracy Chapman;folk;4.95;9.09;261;High Duration
Long Cool Woman (In a Black Dress) - 1999 Remaster;The Hollies;folk;3.32;9.86;332;Medium Duration
Happy Together;The Turtles;folk;2.94;9.42;391;Medium Duration
Let Her Go;Passenger;folk;4.21;9.33;347;Medium Duration
Sweet Caroline;Neil Diamond;folk;3.39;9.38;292;Medium Duration
Ódiame;Julio Jaramillo;folk;2.88;9.79;219;Low Duration
Sweet Heat Lightning;Gregory Alan Isakov;folk;4.77;8.84;348;Medium Duration
Ho Hey;The Lumineers;folk;2.72;9.95;214;Low Duration
The Sound of Silence - Acoustic Version;Simon & Garfunkel;folk;3.09;9.16;344;Medium Duration
Evergreen;Richy Mitch & The Coal Miners;folk;1.45;9.28;374;Low Duration
You Got It;Roy Orbison;folk;3.5;8.67;170;Medium Duration
Budapest;George Ezra;folk;3.35;9.98;253;Medium Duration
Riptide;Vance Joy;folk;3.4;8.53;250;Medium Duration
Oh, Pretty Woman;Roy Orbison;folk;2.98;9.29;381;Medium Duration
California Dreamin' - Single Version;The Mamas & The Papas;folk;2.71;8.83;365;Low Duration
Geronimo;Sheppard;folk;3.64;8.45;184;Medium Duration
Gone, Gone, Gone;Phillip Phillips;folk;3.49;9.56;194;Medium Duration
Anchor;Novo Amor;folk;4.29;9.36;362;Medium Duration
Atlantis;Seafret;folk;3.82;9.29;376;Medium Duration
I'm a Believer - 2006 Remaster;The Monkees;folk;2.79;8.85;288;Low Duration
Lo Hice, Te Dejé;Daniel, Me Estás Matando;folk;3.11;9.94;396;Medium Duration
Ophelia;The Lumineers;folk;2.67;8.35;256;Low Duration
La Costa Del Silencio;Mägo de Oz;folk;4.68;8.1;188;Medium Duration
Soldier, Poet, King;The Oh Hellos;folk;2.76;9.82;373;Low Duration
Coastline;Hollow Coves;folk;3.9;9.59;315;Medium Duration
State Lines;Novo Amor;folk;3.48;8.74;213;Medium Duration
Haste Que El Cuerpo Aguante;Mägo de Oz;folk;4.54;8.88;188;Medium Duration
La danza del fuego;Mägo de Oz;folk;5.22;8.94;247;High Duration
Little Talks;Of Monsters and Men;folk;4.44;8.12;225;Medium Duration
